"play_id","half","time_remaining_half","secs_remaining","secs_remaining_absolute","description","home_score","away_score","score_diff","win_prob","home","away","home_time_out_remaining","away_time_out_remaining","home_timeout_ind","away_timeout_ind","home_favored_by","game_id","date"
1,1,"20:00",2400,2400,"PLAY",0,0,0,0.594491178023225,"Fresno State","New Mexico",6,6,0,0,1.5,400945505,2017-03-09
2,1,"19:27",2367,2367,"Deshon Taylor missed Jumper.",0,0,0,0.587050833983171,"Fresno State","New Mexico",6,6,0,0,1.5,400945505,2017-03-09
3,1,"19:27",2367,2367,"Obij Aget Defensive Rebound.",0,0,0,0.587050833983171,"Fresno State","New Mexico",6,6,0,0,1.5,400945505,2017-03-09
4,1,"19:07",2347,2347,"Elijah Brown missed Layup.",0,0,0,0.589765067546958,"Fresno State","New Mexico",6,6,0,0,1.5,400945505,2017-03-09
5,1,"19:07",2347,2347,"Bryson Williams Defensive Rebound.",0,0,0,0.589765067546958,"Fresno State","New Mexico",6,6,0,0,1.5,400945505,2017-03-09
6,1,"18:34",2314,2314,"Jaron Hopkins missed Three Point Jumper.",0,0,0,0.58285636694738,"Fresno State","New Mexico",6,6,0,0,1.5,400945505,2017-03-09
7,1,"18:34",2314,2314,"Elijah Brown Defensive Rebound.",0,0,0,0.58285636694738,"Fresno State","New Mexico",6,6,0,0,1.5,400945505,2017-03-09
8,1,"18:32",2312,2312,"Foul on Paul Watson.",0,0,0,0.58285636694738,"Fresno State","New Mexico",6,6,0,0,1.5,400945505,2017-03-09
9,1,"18:15",2295,2295,"Tim Williams made Layup.",0,2,-2,0.550937377274708,"Fresno State","New Mexico",6,6,0,0,1.5,400945505,2017-03-09
10,1,"18:15",2295,2295,"Foul on Bryson Williams.",0,2,-2,0.550937377274708,"Fresno State","New Mexico",6,6,0,0,1.5,400945505,2017-03-09
11,1,"18:15",2295,2295,"Tim Williams made Free Throw.",0,3,-3,0.52671516415431,"Fresno State","New Mexico",6,6,0,0,1.5,400945505,2017-03-09
12,1,"18:00",2280,2280,"Foul on Jordan Hunter.",0,3,-3,0.509474253525839,"Fresno State","New Mexico",6,6,0,0,1.5,400945505,2017-03-09
13,1,"17:58",2278,2278,"Bryson Williams made Jumper. Assisted by Jaron Hopkins.",2,3,-1,0.572680761595208,"Fresno State","New Mexico",6,6,0,0,1.5,400945505,2017-03-09
14,1,"17:41",2261,2261,"Tim Williams missed Jumper.",2,3,-1,0.568757390151798,"Fresno State","New Mexico",6,6,0,0,1.5,400945505,2017-03-09
15,1,"17:41",2261,2261,"Paul Watson Defensive Rebound.",2,3,-1,0.568757390151798,"Fresno State","New Mexico",6,6,0,0,1.5,400945505,2017-03-09
16,1,"17:25",2245,2245,"Foul on Jordan Hunter.",2,3,-1,0.576720610477085,"Fresno State","New Mexico",6,6,0,0,1.5,400945505,2017-03-09
17,1,"17:06",2226,2226,"Deshon Taylor missed Three Point Jumper.",2,3,-1,0.570952765535918,"Fresno State","New Mexico",6,6,0,0,1.5,400945505,2017-03-09
18,1,"17:06",2226,2226,"Tim Williams Defensive Rebound.",2,3,-1,0.570952765535918,"Fresno State","New Mexico",6,6,0,0,1.5,400945505,2017-03-09
19,1,"16:56",2216,2216,"Obij Aget made Dunk. Assisted by Elijah Brown.",2,5,-3,0.503844861450613,"Fresno State","New Mexico",6,6,0,0,1.5,400945505,2017-03-09
20,1,"16:42",2202,2202,"Deshon Taylor missed Three Point Jumper.",2,5,-3,0.511258516206839,"Fresno State","New Mexico",6,6,0,0,1.5,400945505,2017-03-09
21,1,"16:42",2202,2202,"Tim Williams Defensive Rebound.",2,5,-3,0.511258516206839,"Fresno State","New Mexico",6,6,0,0,1.5,400945505,2017-03-09
22,1,"16:40",2200,2200,"Foul on Bryson Williams.",2,5,-3,0.511258516206839,"Fresno State","New Mexico",6,6,0,0,1.5,400945505,2017-03-09
23,1,"16:28",2188,2188,"Elijah Brown missed Jumper.",2,5,-3,0.513241296583178,"Fresno State","New Mexico",6,6,0,0,1.5,400945505,2017-03-09
24,1,"16:28",2188,2188,"Obij Aget Offensive Rebound.",2,5,-3,0.513241296583178,"Fresno State","New Mexico",6,6,0,0,1.5,400945505,2017-03-09
25,1,"16:23",2183,2183,"Obij Aget made Two Point Tip Shot.",2,7,-5,0.459071538770221,"Fresno State","New Mexico",6,6,0,0,1.5,400945505,2017-03-09
26,1,"16:08",2168,2168,"Jahmel Taylor missed Three Point Jumper.",2,7,-5,0.453056418012753,"Fresno State","New Mexico",6,6,0,0,1.5,400945505,2017-03-09
27,1,"16:08",2168,2168,"Obij Aget Defensive Rebound.",2,7,-5,0.453056418012753,"Fresno State","New Mexico",6,6,0,0,1.5,400945505,2017-03-09
28,1,"15:56",2156,2156,"Elijah Brown missed Three Point Jumper.",2,7,-5,0.432836051210821,"Fresno State","New Mexico",6,6,0,0,1.5,400945505,2017-03-09
29,1,"15:56",2156,2156,"Jaron Hopkins Defensive Rebound.",2,7,-5,0.432836051210821,"Fresno State","New Mexico",6,6,0,0,1.5,400945505,2017-03-09
30,1,"15:50",2150,2150,"Jahmel Taylor made Three Point Jumper. Assisted by Jaron Hopkins.",5,7,-2,0.522022869056296,"Fresno State","New Mexico",6,6,0,0,1.5,400945505,2017-03-09
31,1,"15:20",2120,2120,"Jalen Harris made Three Point Jumper. Assisted by Tim Williams.",5,10,-5,0.441754207509687,"Fresno State","New Mexico",6,6,0,0,1.5,400945505,2017-03-09
32,1,"15:14",2114,2114,"Jaron Hopkins Turnover.",5,10,-5,0.440234241814102,"Fresno State","New Mexico",6,6,0,0,1.5,400945505,2017-03-09
33,1,"15:14",2114,2114,"Official TV Timeout",5,10,-5,0.440234241814102,"Fresno State","New Mexico",6,6,0,0,1.5,400945505,2017-03-09
34,1,"15:01",2101,2101,"Tim Williams missed Jumper.",5,10,-5,0.446312731499206,"Fresno State","New Mexico",6,6,0,0,1.5,400945505,2017-03-09
35,1,"15:01",2101,2101,"Cullen Russo Defensive Rebound.",5,10,-5,0.446312731499206,"Fresno State","New Mexico",6,6,0,0,1.5,400945505,2017-03-09
36,1,"14:41",2081,2081,"Terrell Carter II missed Jumper.",5,10,-5,0.458506786165796,"Fresno State","New Mexico",6,6,0,0,1.5,400945505,2017-03-09
37,1,"14:41",2081,2081,"Obij Aget Block.",5,10,-5,0.458506786165796,"Fresno State","New Mexico",6,6,0,0,1.5,400945505,2017-03-09
38,1,"14:39",2079,2079,"Jahmel Taylor Offensive Rebound.",5,10,-5,0.450219567613288,"Fresno State","New Mexico",6,6,0,0,1.5,400945505,2017-03-09
39,1,"14:30",2070,2070,"Terrell Carter II made Jumper. Assisted by Jahmel Taylor.",7,10,-3,0.503620002350444,"Fresno State","New Mexico",6,6,0,0,1.5,400945505,2017-03-09
40,1,"14:12",2052,2052,"Dane Kuiper made Jumper. Assisted by Jalen Harris.",7,12,-5,0.4358316996709,"Fresno State","New Mexico",6,6,0,0,1.5,400945505,2017-03-09
41,1,"13:53",2033,2033,"Terrell Carter II missed Jumper.",7,12,-5,0.460631153681685,"Fresno State","New Mexico",6,6,0,0,1.5,400945505,2017-03-09
42,1,"13:53",2033,2033,"New Mexico Defensive Rebound.",7,12,-5,0.460631153681685,"Fresno State","New Mexico",6,6,0,0,1.5,400945505,2017-03-09
43,1,"13:36",2016,2016,"Elijah Brown missed Jumper.",7,12,-5,0.449683124113096,"Fresno State","New Mexico",6,6,0,0,1.5,400945505,2017-03-09
44,1,"13:36",2016,2016,"Obij Aget Offensive Rebound.",7,12,-5,0.449683124113096,"Fresno State","New Mexico",6,6,0,0,1.5,400945505,2017-03-09
45,1,"13:35",2015,2015,"Foul on Terrell Carter II.",7,12,-5,0.449683124113096,"Fresno State","New Mexico",6,6,0,0,1.5,400945505,2017-03-09
46,1,"13:24",2004,2004,"Jalen Harris missed Three Point Jumper.",7,12,-5,0.445286925150081,"Fresno State","New Mexico",6,6,0,0,1.5,400945505,2017-03-09
47,1,"13:24",2004,2004,"Paul Watson Defensive Rebound.",7,12,-5,0.445286925150081,"Fresno State","New Mexico",6,6,0,0,1.5,400945505,2017-03-09
48,1,"13:01",1981,1981,"Cullen Russo missed Three Point Jumper.",7,12,-5,0.42026341006679,"Fresno State","New Mexico",6,6,0,0,1.5,400945505,2017-03-09
49,1,"13:01",1981,1981,"Obij Aget Defensive Rebound.",7,12,-5,0.42026341006679,"Fresno State","New Mexico",6,6,0,0,1.5,400945505,2017-03-09
50,1,"12:47",1967,1967,"Foul on Terrell Carter II.",7,12,-5,0.45392181937135,"Fresno State","New Mexico",6,6,0,0,1.5,400945505,2017-03-09
51,1,"12:47",1967,1967,"Obij Aget made Free Throw.",7,13,-6,0.4278038021474,"Fresno State","New Mexico",6,6,0,0,1.5,400945505,2017-03-09
52,1,"12:47",1967,1967,"Obij Aget missed Free Throw.",7,13,-6,0.4278038021474,"Fresno State","New Mexico",6,6,0,0,1.5,400945505,2017-03-09
53,1,"12:47",1967,1967,"Jaron Hopkins Defensive Rebound.",7,13,-6,0.4278038021474,"Fresno State","New Mexico",6,6,0,0,1.5,400945505,2017-03-09
54,1,"12:34",1954,1954,"Jaron Hopkins missed Jumper.",7,13,-6,0.408411762185696,"Fresno State","New Mexico",6,6,0,0,1.5,400945505,2017-03-09
55,1,"12:34",1954,1954,"Fresno St Deadball Team Rebound.",7,13,-6,0.408411762185696,"Fresno State","New Mexico",6,6,0,0,1.5,400945505,2017-03-09
56,1,"12:33",1953,1953,"Foul on Dane Kuiper.",7,13,-6,0.408411762185696,"Fresno State","New Mexico",6,6,0,0,1.5,400945505,2017-03-09
57,1,"12:24",1944,1944,"Deshon Taylor Turnover.",7,13,-6,0.396680532249923,"Fresno State","New Mexico",6,6,0,0,1.5,400945505,2017-03-09
58,1,"11:59",1919,1919,"Dane Kuiper made Jumper.",7,15,-8,0.351607319929017,"Fresno State","New Mexico",6,6,0,0,1.5,400945505,2017-03-09
59,1,"11:43",1903,1903,"Cullen Russo made Three Point Jumper. Assisted by Deshon Taylor.",10,15,-5,0.437943480424312,"Fresno State","New Mexico",6,6,0,0,1.5,400945505,2017-03-09
60,1,"11:28",1888,1888,"Foul on Cullen Russo.",10,15,-5,0.424590216973248,"Fresno State","New Mexico",6,6,0,0,1.5,400945505,2017-03-09
61,1,"11:28",1888,1888,"Official TV Timeout",10,15,-5,0.424590216973248,"Fresno State","New Mexico",6,6,0,0,1.5,400945505,2017-03-09
62,1,"11:28",1888,1888,"Jalen Harris made Free Throw.",10,16,-6,0.394682970563088,"Fresno State","New Mexico",6,6,0,0,1.5,400945505,2017-03-09
63,1,"11:28",1888,1888,"Jalen Harris made Free Throw.",10,17,-7,0.365544053035849,"Fresno State","New Mexico",6,6,0,0,1.5,400945505,2017-03-09
64,1,"11:01",1861,1861,"Deshon Taylor Turnover.",10,17,-7,0.367439506748197,"Fresno State","New Mexico",6,6,0,0,1.5,400945505,2017-03-09
65,1,"11:00",1860,1860,"Sam Logwood Steal.",10,17,-7,0.367439506748197,"Fresno State","New Mexico",6,6,0,0,1.5,400945505,2017-03-09
66,1,"10:55",1855,1855,"Sam Logwood made Jumper.",10,19,-9,0.313182225041081,"Fresno State","New Mexico",6,6,0,0,1.5,400945505,2017-03-09
67,1,"10:15",1815,1815,"Jahmel Taylor missed Jumper.",10,19,-9,0.28932296836946,"Fresno State","New Mexico",6,6,0,0,1.5,400945505,2017-03-09
68,1,"10:15",1815,1815,"Sam Logwood Defensive Rebound.",10,19,-9,0.28932296836946,"Fresno State","New Mexico",6,6,0,0,1.5,400945505,2017-03-09
69,1,"10:05",1805,1805,"Elijah Brown made Three Point Jumper.",10,22,-12,0.227347383601124,"Fresno State","New Mexico",6,6,0,0,1.5,400945505,2017-03-09
70,1,"9:45",1785,1785,"Foul on Connor MacDougall.",10,22,-12,0.197335171208711,"Fresno State","New Mexico",6,6,0,0,1.5,400945505,2017-03-09
71,1,"9:45",1785,1785,"Deshon Taylor made Free Throw.",11,22,-11,0.220158917003345,"Fresno State","New Mexico",6,6,0,0,1.5,400945505,2017-03-09
72,1,"9:45",1785,1785,"Deshon Taylor made Free Throw.",12,22,-10,0.244817301813836,"Fresno State","New Mexico",6,6,0,0,1.5,400945505,2017-03-09
73,1,"9:16",1756,1756,"Jalen Harris Turnover.",12,22,-10,0.236815593764218,"Fresno State","New Mexico",6,6,0,0,1.5,400945505,2017-03-09
74,1,"8:46",1726,1726,"Jaron Hopkins made Three Point Jumper. Assisted by Cullen Russo.",15,22,-7,0.359394768233999,"Fresno State","New Mexico",6,6,0,0,1.5,400945505,2017-03-09
75,1,"8:30",1710,1710,"Damien Jefferson missed Layup.",15,22,-7,0.35722309701878,"Fresno State","New Mexico",6,6,0,0,1.5,400945505,2017-03-09
76,1,"8:30",1710,1710,"Fresno St Defensive Rebound.",15,22,-7,0.35722309701878,"Fresno State","New Mexico",6,6,0,0,1.5,400945505,2017-03-09
77,1,"8:19",1699,1699,"Cullen Russo made Jumper.",17,22,-5,0.413594666614682,"Fresno State","New Mexico",6,6,0,0,1.5,400945505,2017-03-09
78,1,"8:07",1687,1687,"Foul on Cullen Russo.",17,22,-5,0.403613107765778,"Fresno State","New Mexico",6,6,0,0,1.5,400945505,2017-03-09
79,1,"8:07",1687,1687,"Sam Logwood made Free Throw.",17,23,-6,0.369167630824421,"Fresno State","New Mexico",6,6,0,0,1.5,400945505,2017-03-09
80,1,"8:07",1687,1687,"Sam Logwood missed Free Throw.",17,23,-6,0.369167630824421,"Fresno State","New Mexico",6,6,0,0,1.5,400945505,2017-03-09
81,1,"8:07",1687,1687,"Jaron Hopkins Defensive Rebound.",17,23,-6,0.369167630824421,"Fresno State","New Mexico",6,6,0,0,1.5,400945505,2017-03-09
82,1,"7:46",1666,1666,"Jahmel Taylor missed Three Point Jumper.",17,23,-6,0.389053556379765,"Fresno State","New Mexico",6,6,0,0,1.5,400945505,2017-03-09
83,1,"7:46",1666,1666,"Jahmel Taylor Offensive Rebound.",17,23,-6,0.389053556379765,"Fresno State","New Mexico",6,6,0,0,1.5,400945505,2017-03-09
84,1,"7:39",1659,1659,"Deshon Taylor missed Jumper.",17,23,-6,0.390385483160926,"Fresno State","New Mexico",6,6,0,0,1.5,400945505,2017-03-09
85,1,"7:39",1659,1659,"Dane Kuiper Defensive Rebound.",17,23,-6,0.390385483160926,"Fresno State","New Mexico",6,6,0,0,1.5,400945505,2017-03-09
86,1,"7:31",1651,1651,"Sam Logwood missed Layup.",17,23,-6,0.390385483160926,"Fresno State","New Mexico",6,6,0,0,1.5,400945505,2017-03-09
87,1,"7:31",1651,1651,"Jahmel Taylor Defensive Rebound.",17,23,-6,0.390385483160926,"Fresno State","New Mexico",6,6,0,0,1.5,400945505,2017-03-09
88,1,"7:30",1650,1650,"Jahmel Taylor Turnover.",17,23,-6,0.390385483160926,"Fresno State","New Mexico",6,6,0,0,1.5,400945505,2017-03-09
89,1,"7:29",1649,1649,"Official TV Timeout",17,23,-6,0.382474404564804,"Fresno State","New Mexico",6,6,0,0,1.5,400945505,2017-03-09
90,1,"7:24",1644,1644,"Foul on Connor MacDougall.",17,23,-6,0.382474404564804,"Fresno State","New Mexico",6,6,0,0,1.5,400945505,2017-03-09
91,1,"7:24",1644,1644,"Connor MacDougall Turnover.",17,23,-6,0.382474404564804,"Fresno State","New Mexico",6,6,0,0,1.5,400945505,2017-03-09
92,1,"7:09",1629,1629,"Paul Watson made Three Point Jumper. Assisted by Deshon Taylor.",20,23,-3,0.469526550755799,"Fresno State","New Mexico",6,6,0,0,1.5,400945505,2017-03-09
93,1,"6:44",1604,1604,"Tim Williams missed Jumper.",20,23,-3,0.475853292099769,"Fresno State","New Mexico",6,6,0,0,1.5,400945505,2017-03-09
94,1,"6:44",1604,1604,"Paul Watson Defensive Rebound.",20,23,-3,0.475853292099769,"Fresno State","New Mexico",6,6,0,0,1.5,400945505,2017-03-09
95,1,"6:33",1593,1593,"Paul Watson missed Three Point Jumper.",20,23,-3,0.493479847598844,"Fresno State","New Mexico",6,6,0,0,1.5,400945505,2017-03-09
96,1,"6:33",1593,1593,"Elijah Brown Defensive Rebound.",20,23,-3,0.493479847598844,"Fresno State","New Mexico",6,6,0,0,1.5,400945505,2017-03-09
97,1,"6:23",1583,1583,"Elijah Brown Turnover.",20,23,-3,0.465727566127755,"Fresno State","New Mexico",6,6,0,0,1.5,400945505,2017-03-09
98,1,"6:22",1582,1582,"Deshon Taylor Steal.",20,23,-3,0.465727566127755,"Fresno State","New Mexico",6,6,0,0,1.5,400945505,2017-03-09
99,1,"6:16",1576,1576,"Jahmel Taylor missed Three Point Jumper.",20,23,-3,0.469059696055083,"Fresno State","New Mexico",6,6,0,0,1.5,400945505,2017-03-09
100,1,"6:16",1576,1576,"Dane Kuiper Defensive Rebound.",20,23,-3,0.469059696055083,"Fresno State","New Mexico",6,6,0,0,1.5,400945505,2017-03-09
101,1,"6:07",1567,1567,"Foul on Jahmel Taylor.",20,23,-3,0.46015873164385,"Fresno State","New Mexico",6,6,0,0,1.5,400945505,2017-03-09
102,1,"6:07",1567,1567,"Jalen Harris missed Free Throw.",20,23,-3,0.46015873164385,"Fresno State","New Mexico",6,6,0,0,1.5,400945505,2017-03-09
103,1,"6:07",1567,1567,"Bryson Williams Defensive Rebound.",20,23,-3,0.46015873164385,"Fresno State","New Mexico",6,6,0,0,1.5,400945505,2017-03-09
104,1,"5:53",1553,1553,"Bryson Williams made Layup. Assisted by Jaron Hopkins.",22,23,-1,0.534560697945957,"Fresno State","New Mexico",6,6,0,0,1.5,400945505,2017-03-09
105,1,"5:36",1536,1536,"Dane Kuiper made Jumper.",22,25,-3,0.47922101836098,"Fresno State","New Mexico",6,6,0,0,1.5,400945505,2017-03-09
106,1,"5:21",1521,1521,"Deshon Taylor missed Three Point Jumper.",22,25,-3,0.473113669128342,"Fresno State","New Mexico",6,6,0,0,1.5,400945505,2017-03-09
107,1,"5:21",1521,1521,"Obij Aget Defensive Rebound.",22,25,-3,0.473113669128342,"Fresno State","New Mexico",6,6,0,0,1.5,400945505,2017-03-09
108,1,"5:13",1513,1513,"Technical Foul on New Mexico.",22,25,-3,0.480806826044684,"Fresno State","New Mexico",6,6,0,0,1.5,400945505,2017-03-09
109,1,"5:13",1513,1513,"New Mexico  Turnover.",22,25,-3,0.480806826044684,"Fresno State","New Mexico",6,6,0,0,1.5,400945505,2017-03-09
110,1,"5:13",1513,1513,"Foul on New Mexico.",22,25,-3,0.480806826044684,"Fresno State","New Mexico",6,6,0,0,1.5,400945505,2017-03-09
111,1,"5:13",1513,1513,"Deshon Taylor made Free Throw.",23,25,-2,0.518905278085422,"Fresno State","New Mexico",6,6,0,0,1.5,400945505,2017-03-09
112,1,"5:13",1513,1513,"Deshon Taylor made Free Throw.",24,25,-1,0.556785150227625,"Fresno State","New Mexico",6,6,0,0,1.5,400945505,2017-03-09
113,1,"4:56",1496,1496,"Tim Williams missed Jumper.",24,25,-1,0.563989545912558,"Fresno State","New Mexico",6,6,0,0,1.5,400945505,2017-03-09
114,1,"4:56",1496,1496,"Bryson Williams Defensive Rebound.",24,25,-1,0.563989545912558,"Fresno State","New Mexico",6,6,0,0,1.5,400945505,2017-03-09
115,1,"4:48",1488,1488,"Jaron Hopkins Turnover.",24,25,-1,0.531911539317586,"Fresno State","New Mexico",6,6,0,0,1.5,400945505,2017-03-09
116,1,"4:28",1468,1468,"Elijah Brown missed Three Point Jumper.",24,25,-1,0.55300048315755,"Fresno State","New Mexico",6,6,0,0,1.5,400945505,2017-03-09
117,1,"4:28",1468,1468,"New Mexico Deadball Team Rebound.",24,25,-1,0.55300048315755,"Fresno State","New Mexico",6,6,0,0,1.5,400945505,2017-03-09
118,1,"4:28",1468,1468,"Foul on Paul Watson.",24,25,-1,0.55300048315755,"Fresno State","New Mexico",6,6,0,0,1.5,400945505,2017-03-09
119,1,"4:28",1468,1468,"Obij Aget made Free Throw.",24,26,-2,0.518337746853208,"Fresno State","New Mexico",6,6,0,0,1.5,400945505,2017-03-09
120,1,"4:28",1468,1468,"Obij Aget missed Free Throw.",24,26,-2,0.518337746853208,"Fresno State","New Mexico",6,6,0,0,1.5,400945505,2017-03-09
121,1,"4:28",1468,1468,"Dane Kuiper Offensive Rebound.",24,26,-2,0.518337746853208,"Fresno State","New Mexico",6,6,0,0,1.5,400945505,2017-03-09
122,1,"4:10",1450,1450,"Tim Williams missed Jumper.",24,26,-2,0.49310303151966,"Fresno State","New Mexico",6,6,0,0,1.5,400945505,2017-03-09
123,1,"4:10",1450,1450,"Deshon Taylor Defensive Rebound.",24,26,-2,0.49310303151966,"Fresno State","New Mexico",6,6,0,0,1.5,400945505,2017-03-09
124,1,"4:07",1447,1447,"Foul on Tim Williams.",24,26,-2,0.525969167801409,"Fresno State","New Mexico",6,6,0,0,1.5,400945505,2017-03-09
125,1,"4:07",1447,1447,"Deshon Taylor made Free Throw.",25,26,-1,0.563687258660754,"Fresno State","New Mexico",6,6,0,0,1.5,400945505,2017-03-09
126,1,"4:07",1447,1447,"Deshon Taylor made Free Throw.",26,26,0,0.600682672851851,"Fresno State","New Mexico",6,6,0,0,1.5,400945505,2017-03-09
127,1,"3:44",1424,1424,"Tim Williams made Jumper. Assisted by Elijah Brown.",26,28,-2,0.495925902024746,"Fresno State","New Mexico",6,6,0,0,1.5,400945505,2017-03-09
128,1,"3:44",1424,1424,"Foul on Bryson Williams.",26,28,-2,0.495925902024746,"Fresno State","New Mexico",6,6,0,0,1.5,400945505,2017-03-09
129,1,"3:43",1423,1423,"Official TV Timeout",26,28,-2,0.495925902024746,"Fresno State","New Mexico",6,6,0,0,1.5,400945505,2017-03-09
130,1,"3:43",1423,1423,"Tim Williams made Free Throw.",26,29,-3,0.459826859906702,"Fresno State","New Mexico",6,6,0,0,1.5,400945505,2017-03-09
131,1,"3:22",1402,1402,"Foul on Jalen Harris.",26,29,-3,0.477237468182033,"Fresno State","New Mexico",6,6,0,0,1.5,400945505,2017-03-09
132,1,"3:22",1402,1402,"Jaron Hopkins made Free Throw.",27,29,-2,0.515965539623288,"Fresno State","New Mexico",6,6,0,0,1.5,400945505,2017-03-09
133,1,"3:22",1402,1402,"Jaron Hopkins missed Free Throw.",27,29,-2,0.515965539623288,"Fresno State","New Mexico",6,6,0,0,1.5,400945505,2017-03-09
134,1,"3:22",1402,1402,"Obij Aget Defensive Rebound.",27,29,-2,0.515965539623288,"Fresno State","New Mexico",6,6,0,0,1.5,400945505,2017-03-09
135,1,"3:03",1383,1383,"Elijah Brown missed Jumper.",27,29,-2,0.513955500782767,"Fresno State","New Mexico",6,6,0,0,1.5,400945505,2017-03-09
136,1,"3:03",1383,1383,"Jaron Hopkins Defensive Rebound.",27,29,-2,0.513955500782767,"Fresno State","New Mexico",6,6,0,0,1.5,400945505,2017-03-09
137,1,"2:55",1375,1375,"Cullen Russo made Layup. Assisted by Jaron Hopkins.",29,29,0,0.56330812453683,"Fresno State","New Mexico",6,6,0,0,1.5,400945505,2017-03-09
138,1,"2:55",1375,1375,"Foul on Dane Kuiper.",29,29,0,0.56330812453683,"Fresno State","New Mexico",6,6,0,0,1.5,400945505,2017-03-09
139,1,"2:55",1375,1375,"Cullen Russo missed Free Throw.",29,29,0,0.56330812453683,"Fresno State","New Mexico",6,6,0,0,1.5,400945505,2017-03-09
140,1,"2:55",1375,1375,"Tim Williams Defensive Rebound.",29,29,0,0.56330812453683,"Fresno State","New Mexico",6,6,0,0,1.5,400945505,2017-03-09
141,1,"2:39",1359,1359,"Elijah Brown made Jumper.",29,31,-2,0.514123117836302,"Fresno State","New Mexico",6,6,0,0,1.5,400945505,2017-03-09
142,1,"2:24",1344,1344,"Foul on Obij Aget.",29,31,-2,0.490573190535213,"Fresno State","New Mexico",6,6,0,0,1.5,400945505,2017-03-09
143,1,"2:24",1344,1344,"Terrell Carter II made Free Throw.",30,31,-1,0.530020161508667,"Fresno State","New Mexico",6,6,0,0,1.5,400945505,2017-03-09
144,1,"2:24",1344,1344,"Foul on Elijah Brown.",30,31,-1,0.530020161508667,"Fresno State","New Mexico",6,6,0,0,1.5,400945505,2017-03-09
145,1,"2:24",1344,1344,"Terrell Carter II made Free Throw.",31,31,0,0.569095606665761,"Fresno State","New Mexico",6,6,0,0,1.5,400945505,2017-03-09
146,1,"2:24",1344,1344,"Terrell Carter II made Free Throw.",32,31,1,0.607329147518799,"Fresno State","New Mexico",6,6,0,0,1.5,400945505,2017-03-09
147,1,"2:24",1344,1344,"Terrell Carter II made Free Throw.",33,31,2,0.644290681682546,"Fresno State","New Mexico",6,6,0,0,1.5,400945505,2017-03-09
148,1,"2:04",1324,1324,"Jaron Hopkins missed Layup.",33,31,2,0.649480761157419,"Fresno State","New Mexico",6,6,0,0,1.5,400945505,2017-03-09
149,1,"2:04",1324,1324,"Fresno St Offensive Rebound.",33,31,2,0.649480761157419,"Fresno State","New Mexico",6,6,0,0,1.5,400945505,2017-03-09
150,1,"1:31",1291,1291,"Damien Jefferson made Jumper. Assisted by Jalen Harris.",33,33,0,0.595637805582404,"Fresno State","New Mexico",6,6,0,0,1.5,400945505,2017-03-09
151,1,"1:14",1274,1274,"Cullen Russo missed Jumper.",33,33,0,0.558850415919312,"Fresno State","New Mexico",6,6,0,0,1.5,400945505,2017-03-09
152,1,"1:14",1274,1274,"New Mexico Deadball Team Rebound.",33,33,0,0.558850415919312,"Fresno State","New Mexico",6,6,0,0,1.5,400945505,2017-03-09
153,1,"1:13",1273,1273,"Foul on Terrell Carter II.",33,33,0,0.558850415919312,"Fresno State","New Mexico",6,6,0,0,1.5,400945505,2017-03-09
154,1,"1:13",1273,1273,"Obij Aget missed Free Throw.",33,33,0,0.558850415919312,"Fresno State","New Mexico",6,6,0,0,1.5,400945505,2017-03-09
155,1,"1:13",1273,1273,"New Mexico Deadball Team Rebound.",33,33,0,0.558850415919312,"Fresno State","New Mexico",6,6,0,0,1.5,400945505,2017-03-09
156,1,"1:13",1273,1273,"Obij Aget made Free Throw.",33,34,-1,0.521651189334985,"Fresno State","New Mexico",6,6,0,0,1.5,400945505,2017-03-09
157,1,"1:04",1264,1264,"Foul on Nate Grimes.",33,34,-1,0.553179582094862,"Fresno State","New Mexico",6,6,0,0,1.5,400945505,2017-03-09
158,1,"1:04",1264,1264,"Nate Grimes Turnover.",33,34,-1,0.553179582094862,"Fresno State","New Mexico",6,6,0,0,1.5,400945505,2017-03-09
159,1,"0:52",1252,1252,"Elijah Brown missed Three Point Jumper.",33,34,-1,0.53404781855088,"Fresno State","New Mexico",6,6,0,0,1.5,400945505,2017-03-09
160,1,"0:52",1252,1252,"Cullen Russo Defensive Rebound.",33,34,-1,0.53404781855088,"Fresno State","New Mexico",6,6,0,0,1.5,400945505,2017-03-09
161,1,"0:26",1226,1226,"Deshon Taylor Turnover.",33,34,-1,0.538060480188119,"Fresno State","New Mexico",6,6,0,0,1.5,400945505,2017-03-09
162,1,"0:24",1224,1224,"Elijah Brown Steal.",33,34,-1,0.538060480188119,"Fresno State","New Mexico",6,6,0,0,1.5,400945505,2017-03-09
163,1,"0:23",1223,1223,"Foul on Cullen Russo.",33,34,-1,0.538060480188119,"Fresno State","New Mexico",6,6,0,0,1.5,400945505,2017-03-09
164,1,"0:23",1223,1223,"Elijah Brown made Free Throw.",33,35,-2,0.495941934028894,"Fresno State","New Mexico",6,6,0,0,1.5,400945505,2017-03-09
165,1,"0:23",1223,1223,"Elijah Brown missed Free Throw.",33,35,-2,0.495941934028894,"Fresno State","New Mexico",6,6,0,0,1.5,400945505,2017-03-09
166,1,"0:23",1223,1223,"Jaron Hopkins Defensive Rebound.",33,35,-2,0.495941934028894,"Fresno State","New Mexico",6,6,0,0,1.5,400945505,2017-03-09
167,1,"0:16",1216,1216,"Fresno St  Timeout",33,35,-2,0.485255661847818,"Fresno State","New Mexico",6,5,0,1,1.5,400945505,2017-03-09
168,1,"0:03",1203,1203,"Deshon Taylor made Three Point Jumper.",36,35,1,0.611403225485226,"Fresno State","New Mexico",6,5,0,1,1.5,400945505,2017-03-09
169,1,"0:00",1200,1200,"End of 1st half",36,35,1,0.611403225485226,"Fresno State","New Mexico",6,5,0,1,1.5,400945505,2017-03-09
170,2,"20:00",1200,1200,"PLAY",36,35,1,0.611403225485226,"Fresno State","New Mexico",6,5,0,0,1.5,400945505,2017-03-09
171,2,"19:41",1181,1181,"Tim Williams made Layup. Assisted by Dane Kuiper.",36,37,-1,0.531702625492878,"Fresno State","New Mexico",6,5,0,0,1.5,400945505,2017-03-09
172,2,"19:15",1155,1155,"Deshon Taylor missed Three Point Jumper.",36,37,-1,0.535480189479988,"Fresno State","New Mexico",6,5,0,0,1.5,400945505,2017-03-09
173,2,"19:15",1155,1155,"Elijah Brown Defensive Rebound.",36,37,-1,0.535480189479988,"Fresno State","New Mexico",6,5,0,0,1.5,400945505,2017-03-09
174,2,"19:01",1141,1141,"Jordan Hunter made Jumper.",36,39,-3,0.444037419080842,"Fresno State","New Mexico",6,5,0,0,1.5,400945505,2017-03-09
175,2,"18:31",1111,1111,"Foul on Dane Kuiper.",36,39,-3,0.448031557492317,"Fresno State","New Mexico",6,5,0,0,1.5,400945505,2017-03-09
176,2,"18:26",1106,1106,"Jaron Hopkins missed Jumper.",36,39,-3,0.450462193536895,"Fresno State","New Mexico",6,5,0,0,1.5,400945505,2017-03-09
177,2,"18:26",1106,1106,"Tim Williams Defensive Rebound.",36,39,-3,0.450462193536895,"Fresno State","New Mexico",6,5,0,0,1.5,400945505,2017-03-09
178,2,"18:12",1092,1092,"Tim Williams made Layup. Assisted by Jordan Hunter.",36,41,-5,0.370554946093854,"Fresno State","New Mexico",6,5,0,0,1.5,400945505,2017-03-09
179,2,"17:50",1070,1070,"Bryson Williams made Jumper.",38,41,-3,0.456079112432572,"Fresno State","New Mexico",6,5,0,0,1.5,400945505,2017-03-09
180,2,"17:35",1055,1055,"Elijah Brown missed Layup.",38,41,-3,0.445263976105613,"Fresno State","New Mexico",6,5,0,0,1.5,400945505,2017-03-09
181,2,"17:35",1055,1055,"Bryson Williams Defensive Rebound.",38,41,-3,0.445263976105613,"Fresno State","New Mexico",6,5,0,0,1.5,400945505,2017-03-09
182,2,"17:29",1049,1049,"Jahmel Taylor missed Three Point Jumper.",38,41,-3,0.457578424173588,"Fresno State","New Mexico",6,5,0,0,1.5,400945505,2017-03-09
183,2,"17:29",1049,1049,"Dane Kuiper Defensive Rebound.",38,41,-3,0.457578424173588,"Fresno State","New Mexico",6,5,0,0,1.5,400945505,2017-03-09
184,2,"17:03",1023,1023,"Tim Williams Turnover.",38,41,-3,0.445206399477868,"Fresno State","New Mexico",6,5,0,0,1.5,400945505,2017-03-09
185,2,"17:00",1020,1020,"Bryson Williams Steal.",38,41,-3,0.445206399477868,"Fresno State","New Mexico",6,5,0,0,1.5,400945505,2017-03-09
186,2,"16:54",1014,1014,"Paul Watson missed Three Point Jumper.",38,41,-3,0.408567662817542,"Fresno State","New Mexico",6,5,0,0,1.5,400945505,2017-03-09
187,2,"16:54",1014,1014,"Dane Kuiper Defensive Rebound.",38,41,-3,0.408567662817542,"Fresno State","New Mexico",6,5,0,0,1.5,400945505,2017-03-09
188,2,"16:35",995,995,"Elijah Brown missed Three Point Jumper.",38,41,-3,0.42293189125631,"Fresno State","New Mexico",6,5,0,0,1.5,400945505,2017-03-09
189,2,"16:35",995,995,"Paul Watson Defensive Rebound.",38,41,-3,0.42293189125631,"Fresno State","New Mexico",6,5,0,0,1.5,400945505,2017-03-09
190,2,"16:20",980,980,"Deshon Taylor missed Jumper.",38,41,-3,0.434669085849556,"Fresno State","New Mexico",6,5,0,0,1.5,400945505,2017-03-09
191,2,"16:20",980,980,"Tim Williams Defensive Rebound.",38,41,-3,0.434669085849556,"Fresno State","New Mexico",6,5,0,0,1.5,400945505,2017-03-09
192,2,"16:09",969,969,"Obij Aget missed Jumper.",38,41,-3,0.422170730965114,"Fresno State","New Mexico",6,5,0,0,1.5,400945505,2017-03-09
193,2,"16:09",969,969,"Obij Aget Offensive Rebound.",38,41,-3,0.422170730965114,"Fresno State","New Mexico",6,5,0,0,1.5,400945505,2017-03-09
194,2,"16:06",966,966,"Obij Aget missed Jumper.",38,41,-3,0.422170730965114,"Fresno State","New Mexico",6,5,0,0,1.5,400945505,2017-03-09
195,2,"16:06",966,966,"Fresno St Defensive Rebound.",38,41,-3,0.422170730965114,"Fresno State","New Mexico",6,5,0,0,1.5,400945505,2017-03-09
196,2,"15:49",949,949,"Official TV Timeout",38,41,-3,0.444229971647795,"Fresno State","New Mexico",6,5,0,0,1.5,400945505,2017-03-09
197,2,"15:33",933,933,"Paul Watson missed Three Point Jumper.",38,41,-3,0.424189562713577,"Fresno State","New Mexico",6,5,0,0,1.5,400945505,2017-03-09
198,2,"15:33",933,933,"Obij Aget Defensive Rebound.",38,41,-3,0.424189562713577,"Fresno State","New Mexico",6,5,0,0,1.5,400945505,2017-03-09
199,2,"15:07",907,907,"Sam Logwood missed Jumper.",38,41,-3,0.423314425664782,"Fresno State","New Mexico",6,5,0,0,1.5,400945505,2017-03-09
200,2,"15:07",907,907,"New Mexico Deadball Team Rebound.",38,41,-3,0.423314425664782,"Fresno State","New Mexico",6,5,0,0,1.5,400945505,2017-03-09
201,2,"15:06",906,906,"Foul on Paul Watson.",38,41,-3,0.423314425664782,"Fresno State","New Mexico",6,5,0,0,1.5,400945505,2017-03-09
202,2,"15:04",904,904,"Elijah Brown made Jumper. Assisted by Jordan Hunter.",38,43,-5,0.333627549210939,"Fresno State","New Mexico",6,5,0,0,1.5,400945505,2017-03-09
203,2,"14:49",889,889,"Foul on Cullen Russo.",38,43,-5,0.347647678552014,"Fresno State","New Mexico",6,5,0,0,1.5,400945505,2017-03-09
204,2,"14:49",889,889,"Cullen Russo Turnover.",38,43,-5,0.347647678552014,"Fresno State","New Mexico",6,5,0,0,1.5,400945505,2017-03-09
205,2,"14:31",871,871,"Obij Aget missed Layup.",38,43,-5,0.337295043809889,"Fresno State","New Mexico",6,5,0,0,1.5,400945505,2017-03-09
206,2,"14:31",871,871,"Terrell Carter II Block.",38,43,-5,0.337295043809889,"Fresno State","New Mexico",6,5,0,0,1.5,400945505,2017-03-09
207,2,"14:31",871,871,"New Mexico Offensive Rebound.",38,43,-5,0.337295043809889,"Fresno State","New Mexico",6,5,0,0,1.5,400945505,2017-03-09
208,2,"14:28",868,868,"Elijah Brown missed Jumper.",38,43,-5,0.324056871500206,"Fresno State","New Mexico",6,5,0,0,1.5,400945505,2017-03-09
209,2,"14:28",868,868,"Jahmel Taylor Defensive Rebound.",38,43,-5,0.324056871500206,"Fresno State","New Mexico",6,5,0,0,1.5,400945505,2017-03-09
210,2,"14:21",861,861,"Jahmel Taylor missed Layup.",38,43,-5,0.324056871500206,"Fresno State","New Mexico",6,5,0,0,1.5,400945505,2017-03-09
211,2,"14:21",861,861,"New Mexico Deadball Team Rebound.",38,43,-5,0.324056871500206,"Fresno State","New Mexico",6,5,0,0,1.5,400945505,2017-03-09
212,2,"14:20",860,860,"Foul on Paul Watson.",38,43,-5,0.324056871500206,"Fresno State","New Mexico",6,5,0,0,1.5,400945505,2017-03-09
213,2,"14:01",841,841,"Sam Logwood Turnover.",38,43,-5,0.308169880842658,"Fresno State","New Mexico",6,5,0,0,1.5,400945505,2017-03-09
214,2,"13:42",822,822,"Terrell Carter II made Jumper.",40,43,-3,0.4255766504782,"Fresno State","New Mexico",6,5,0,0,1.5,400945505,2017-03-09
215,2,"13:25",805,805,"Foul on Bryson Williams.",40,43,-3,0.430825740387329,"Fresno State","New Mexico",6,5,0,0,1.5,400945505,2017-03-09
216,2,"13:25",805,805,"Foul on Sam Logwood.",40,43,-3,0.430825740387329,"Fresno State","New Mexico",6,5,0,0,1.5,400945505,2017-03-09
217,2,"13:25",805,805,"Foul on Bryson Williams.",40,43,-3,0.430825740387329,"Fresno State","New Mexico",6,5,0,0,1.5,400945505,2017-03-09
218,2,"13:25",805,805,"Technical Foul on Sam Logwood.",40,43,-3,0.430825740387329,"Fresno State","New Mexico",6,5,0,0,1.5,400945505,2017-03-09
219,2,"13:25",805,805,"Technical Foul on Bryson Williams.",40,43,-3,0.430825740387329,"Fresno State","New Mexico",6,5,0,0,1.5,400945505,2017-03-09
220,2,"13:07",787,787,"Jordan Hunter missed Jumper.",40,43,-3,0.40936784762424,"Fresno State","New Mexico",6,5,0,0,1.5,400945505,2017-03-09
221,2,"13:07",787,787,"Jahmel Taylor Defensive Rebound.",40,43,-3,0.40936784762424,"Fresno State","New Mexico",6,5,0,0,1.5,400945505,2017-03-09
222,2,"12:45",765,765,"Jaron Hopkins made Layup.",42,43,-1,0.531004095042078,"Fresno State","New Mexico",6,5,0,0,1.5,400945505,2017-03-09
223,2,"12:37",757,757,"Foul on Johnny McWilliams.",42,43,-1,0.509226468010794,"Fresno State","New Mexico",6,5,0,0,1.5,400945505,2017-03-09
224,2,"12:37",757,757,"Elijah Brown made Jumper. Assisted by Jordan Hunter.",42,45,-3,0.401903099031783,"Fresno State","New Mexico",6,5,0,0,1.5,400945505,2017-03-09
225,2,"12:33",753,753,"Jaron Hopkins made Layup.",44,45,-1,0.509226468010794,"Fresno State","New Mexico",6,5,0,0,1.5,400945505,2017-03-09
226,2,"12:18",738,738,"Elijah Brown missed Jumper.",44,45,-1,0.516914157988368,"Fresno State","New Mexico",6,5,0,0,1.5,400945505,2017-03-09
227,2,"12:18",738,738,"Terrell Carter II Block.",44,45,-1,0.516914157988368,"Fresno State","New Mexico",6,5,0,0,1.5,400945505,2017-03-09
228,2,"12:15",735,735,"Elijah Brown Offensive Rebound.",44,45,-1,0.516914157988368,"Fresno State","New Mexico",6,5,0,0,1.5,400945505,2017-03-09
229,2,"12:05",725,725,"Jordan Hunter missed Jumper.",44,45,-1,0.52919451943966,"Fresno State","New Mexico",6,5,0,0,1.5,400945505,2017-03-09
230,2,"12:05",725,725,"Jahmel Taylor Defensive Rebound.",44,45,-1,0.52919451943966,"Fresno State","New Mexico",6,5,0,0,1.5,400945505,2017-03-09
231,2,"11:51",711,711,"Karachi Edo Turnover.",44,45,-1,0.48651792779353,"Fresno State","New Mexico",6,5,0,0,1.5,400945505,2017-03-09
232,2,"11:49",709,709,"Sam Logwood Steal.",44,45,-1,0.521632217201096,"Fresno State","New Mexico",6,5,0,0,1.5,400945505,2017-03-09
233,2,"11:37",697,697,"Foul on Jaron Hopkins.",44,45,-1,0.50800140607932,"Fresno State","New Mexico",6,5,0,0,1.5,400945505,2017-03-09
234,2,"11:37",697,697,"Official TV Timeout",44,45,-1,0.50800140607932,"Fresno State","New Mexico",6,5,0,0,1.5,400945505,2017-03-09
235,2,"11:37",697,697,"Damien Jefferson missed Free Throw.",44,45,-1,0.50800140607932,"Fresno State","New Mexico",6,5,0,0,1.5,400945505,2017-03-09
236,2,"11:37",697,697,"Jaron Hopkins Defensive Rebound.",44,45,-1,0.50800140607932,"Fresno State","New Mexico",6,5,0,0,1.5,400945505,2017-03-09
237,2,"11:10",670,670,"Deshon Taylor made Jumper.",46,45,1,0.611234714277934,"Fresno State","New Mexico",6,5,0,0,1.5,400945505,2017-03-09
238,2,"10:43",643,643,"Sam Logwood made Jumper.",46,47,-1,0.507907214648598,"Fresno State","New Mexico",6,5,0,0,1.5,400945505,2017-03-09
239,2,"10:21",621,621,"Jaron Hopkins missed Jumper.",46,47,-1,0.500904205691916,"Fresno State","New Mexico",6,5,0,0,1.5,400945505,2017-03-09
240,2,"10:21",621,621,"Jaron Hopkins Offensive Rebound.",46,47,-1,0.500904205691916,"Fresno State","New Mexico",6,5,0,0,1.5,400945505,2017-03-09
241,2,"10:19",619,619,"Jaron Hopkins missed Layup.",46,47,-1,0.485756430206591,"Fresno State","New Mexico",6,5,0,0,1.5,400945505,2017-03-09
242,2,"10:19",619,619,"Damien Jefferson Defensive Rebound.",46,47,-1,0.485756430206591,"Fresno State","New Mexico",6,5,0,0,1.5,400945505,2017-03-09
243,2,"10:09",609,609,"Foul on Jahmel Taylor.",46,47,-1,0.504572201534099,"Fresno State","New Mexico",6,5,0,0,1.5,400945505,2017-03-09
244,2,"10:09",609,609,"Tim Williams missed Free Throw.",46,47,-1,0.504572201534099,"Fresno State","New Mexico",6,5,0,0,1.5,400945505,2017-03-09
245,2,"10:09",609,609,"Karachi Edo Defensive Rebound.",46,47,-1,0.504572201534099,"Fresno State","New Mexico",6,5,0,0,1.5,400945505,2017-03-09
246,2,"9:49",589,589,"Deshon Taylor missed Three Point Jumper.",46,47,-1,0.494184235979383,"Fresno State","New Mexico",6,5,0,0,1.5,400945505,2017-03-09
247,2,"9:49",589,589,"Elijah Brown Defensive Rebound.",46,47,-1,0.494184235979383,"Fresno State","New Mexico",6,5,0,0,1.5,400945505,2017-03-09
248,2,"9:41",581,581,"Elijah Brown missed Three Point Jumper.",46,47,-1,0.494184235979383,"Fresno State","New Mexico",6,5,0,0,1.5,400945505,2017-03-09
249,2,"9:41",581,581,"Fresno St Defensive Rebound.",46,47,-1,0.494184235979383,"Fresno State","New Mexico",6,5,0,0,1.5,400945505,2017-03-09
250,2,"9:20",560,560,"Terrell Carter II missed Jumper.",46,47,-1,0.509528677775362,"Fresno State","New Mexico",6,5,0,0,1.5,400945505,2017-03-09
251,2,"9:20",560,560,"Fresno St Deadball Team Rebound.",46,47,-1,0.509528677775362,"Fresno State","New Mexico",6,5,0,0,1.5,400945505,2017-03-09
252,2,"9:19",559,559,"Foul on Sam Logwood.",46,47,-1,0.485575327059503,"Fresno State","New Mexico",6,5,0,0,1.5,400945505,2017-03-09
253,2,"9:08",548,548,"Foul on Tim Williams.",46,47,-1,0.475012993487924,"Fresno State","New Mexico",6,5,0,0,1.5,400945505,2017-03-09
254,2,"9:08",548,548,"Terrell Carter II missed Free Throw.",46,47,-1,0.475012993487924,"Fresno State","New Mexico",6,5,0,0,1.5,400945505,2017-03-09
255,2,"9:08",548,548,"Fresno St Deadball Team Rebound.",46,47,-1,0.475012993487924,"Fresno State","New Mexico",6,5,0,0,1.5,400945505,2017-03-09
256,2,"9:02",542,542,"Foul on Dane Kuiper.",46,47,-1,0.475012993487924,"Fresno State","New Mexico",6,5,0,0,1.5,400945505,2017-03-09
257,2,"8:54",534,534,"Jaron Hopkins made Layup.",48,47,1,0.651657581863325,"Fresno State","New Mexico",6,5,0,0,1.5,400945505,2017-03-09
258,2,"8:28",508,508,"Obij Aget Turnover.",48,47,1,0.64356540826832,"Fresno State","New Mexico",6,5,0,0,1.5,400945505,2017-03-09
259,2,"8:26",506,506,"Jaron Hopkins Steal.",48,47,1,0.64356540826832,"Fresno State","New Mexico",6,5,0,0,1.5,400945505,2017-03-09
260,2,"8:20",500,500,"Jahmel Taylor missed Three Point Jumper.",48,47,1,0.64356540826832,"Fresno State","New Mexico",6,5,0,0,1.5,400945505,2017-03-09
261,2,"8:20",500,500,"New Mexico Deadball Team Rebound.",48,47,1,0.64356540826832,"Fresno State","New Mexico",6,5,0,0,1.5,400945505,2017-03-09
262,2,"8:17",497,497,"Foul on Karachi Edo.",48,47,1,0.646155690197351,"Fresno State","New Mexico",6,5,0,0,1.5,400945505,2017-03-09
263,2,"8:17",497,497,"Tim Williams missed Free Throw.",48,47,1,0.646155690197351,"Fresno State","New Mexico",6,5,0,0,1.5,400945505,2017-03-09
264,2,"8:17",497,497,"Dane Kuiper Offensive Rebound.",48,47,1,0.646155690197351,"Fresno State","New Mexico",6,5,0,0,1.5,400945505,2017-03-09
265,2,"8:00",480,480,"Tim Williams made Layup. Assisted by Dane Kuiper.",48,49,-1,0.490981138145494,"Fresno State","New Mexico",6,5,0,0,1.5,400945505,2017-03-09
266,2,"7:26",446,446,"Jahmel Taylor missed Three Point Jumper.",48,49,-1,0.489468660838018,"Fresno State","New Mexico",6,5,0,0,1.5,400945505,2017-03-09
267,2,"7:26",446,446,"New Mexico Defensive Rebound.",48,49,-1,0.489468660838018,"Fresno State","New Mexico",6,5,0,0,1.5,400945505,2017-03-09
268,2,"7:26",446,446,"Official TV Timeout",48,49,-1,0.489468660838018,"Fresno State","New Mexico",6,5,0,0,1.5,400945505,2017-03-09
269,2,"7:06",426,426,"Tim Williams missed Jumper.",48,49,-1,0.467020040424638,"Fresno State","New Mexico",6,5,0,0,1.5,400945505,2017-03-09
270,2,"7:06",426,426,"Terrell Carter II Block.",48,49,-1,0.467020040424638,"Fresno State","New Mexico",6,5,0,0,1.5,400945505,2017-03-09
271,2,"7:04",424,424,"Jaron Hopkins Defensive Rebound.",48,49,-1,0.467020040424638,"Fresno State","New Mexico",6,5,0,0,1.5,400945505,2017-03-09
272,2,"6:58",418,418,"Terrell Carter II missed Layup.",48,49,-1,0.475810529998376,"Fresno State","New Mexico",6,5,0,0,1.5,400945505,2017-03-09
273,2,"6:58",418,418,"Damien Jefferson Defensive Rebound.",48,49,-1,0.475810529998376,"Fresno State","New Mexico",6,5,0,0,1.5,400945505,2017-03-09
274,2,"6:51",411,411,"Jalen Harris missed Jumper.",48,49,-1,0.475810529998376,"Fresno State","New Mexico",6,5,0,0,1.5,400945505,2017-03-09
275,2,"6:51",411,411,"Tim Williams Offensive Rebound.",48,49,-1,0.475810529998376,"Fresno State","New Mexico",6,5,0,0,1.5,400945505,2017-03-09
276,2,"6:50",410,410,"Foul on Terrell Carter II.",48,49,-1,0.475810529998376,"Fresno State","New Mexico",6,5,0,0,1.5,400945505,2017-03-09
277,2,"6:50",410,410,"Tim Williams made Free Throw.",48,50,-2,0.401751281869289,"Fresno State","New Mexico",6,5,0,0,1.5,400945505,2017-03-09
278,2,"6:50",410,410,"Tim Williams made Free Throw.",48,51,-3,0.331920143575301,"Fresno State","New Mexico",6,5,0,0,1.5,400945505,2017-03-09
279,2,"6:33",393,393,"Foul on Damien Jefferson.",48,51,-3,0.339706801325033,"Fresno State","New Mexico",6,5,0,0,1.5,400945505,2017-03-09
280,2,"6:17",377,377,"Deshon Taylor missed Jumper.",48,51,-3,0.317207056913202,"Fresno State","New Mexico",6,5,0,0,1.5,400945505,2017-03-09
281,2,"6:17",377,377,"Obij Aget Block.",48,51,-3,0.317207056913202,"Fresno State","New Mexico",6,5,0,0,1.5,400945505,2017-03-09
282,2,"6:15",375,375,"Jahmel Taylor Offensive Rebound.",48,51,-3,0.317207056913202,"Fresno State","New Mexico",6,5,0,0,1.5,400945505,2017-03-09
283,2,"6:08",368,368,"Jaron Hopkins Turnover.",48,51,-3,0.319471839299186,"Fresno State","New Mexico",6,5,0,0,1.5,400945505,2017-03-09
284,2,"6:07",367,367,"Elijah Brown Steal.",48,51,-3,0.319471839299186,"Fresno State","New Mexico",6,5,0,0,1.5,400945505,2017-03-09
285,2,"5:59",359,359,"Damien Jefferson Turnover.",48,51,-3,0.276285813447756,"Fresno State","New Mexico",6,5,0,0,1.5,400945505,2017-03-09
286,2,"5:48",348,348,"Jaron Hopkins missed Jumper.",48,51,-3,0.283190841889134,"Fresno State","New Mexico",6,5,0,0,1.5,400945505,2017-03-09
287,2,"5:48",348,348,"Elijah Brown Defensive Rebound.",48,51,-3,0.283190841889134,"Fresno State","New Mexico",6,5,0,0,1.5,400945505,2017-03-09
288,2,"5:33",333,333,"Dane Kuiper Turnover.",48,51,-3,0.309388751838844,"Fresno State","New Mexico",6,5,0,1,1.5,400945505,2017-03-09
289,2,"5:33",333,333,"Fresno St  Timeout",48,51,-3,0.309388751838844,"Fresno State","New Mexico",6,4,0,1,1.5,400945505,2017-03-09
290,2,"5:33",333,333,"Official TV Timeout",48,51,-3,0.309388751838844,"Fresno State","New Mexico",6,4,0,1,1.5,400945505,2017-03-09
291,2,"5:08",308,308,"Deshon Taylor made Three Point Jumper.",51,51,0,0.552248415901398,"Fresno State","New Mexico",6,4,0,1,1.5,400945505,2017-03-09
292,2,"4:44",284,284,"Elijah Brown missed Three Point Jumper.",51,51,0,0.538910801562988,"Fresno State","New Mexico",6,4,0,1,1.5,400945505,2017-03-09
293,2,"4:44",284,284,"New Mexico Offensive Rebound.",51,51,0,0.538910801562988,"Fresno State","New Mexico",6,4,0,1,1.5,400945505,2017-03-09
294,2,"4:37",277,277,"Elijah Brown missed Three Point Jumper.",51,51,0,0.529165756772528,"Fresno State","New Mexico",6,4,0,1,1.5,400945505,2017-03-09
295,2,"4:37",277,277,"Jahmel Taylor Defensive Rebound.",51,51,0,0.529165756772528,"Fresno State","New Mexico",6,4,0,1,1.5,400945505,2017-03-09
296,2,"4:23",263,263,"Deshon Taylor made Layup.",53,51,2,0.722695779866488,"Fresno State","New Mexico",6,4,0,0,1.5,400945505,2017-03-09
297,2,"4:03",243,243,"Foul on Karachi Edo.",53,51,2,0.726444728016666,"Fresno State","New Mexico",6,4,0,0,1.5,400945505,2017-03-09
298,2,"4:03",243,243,"Tim Williams missed Free Throw.",53,51,2,0.726444728016666,"Fresno State","New Mexico",6,4,0,0,1.5,400945505,2017-03-09
299,2,"4:03",243,243,"New Mexico Deadball Team Rebound.",53,51,2,0.726444728016666,"Fresno State","New Mexico",6,4,0,0,1.5,400945505,2017-03-09
300,2,"4:03",243,243,"Tim Williams made Free Throw.",53,52,1,0.639267027948782,"Fresno State","New Mexico",6,4,0,0,1.5,400945505,2017-03-09
301,2,"3:37",217,217,"Paul Watson Turnover.",53,52,1,0.64081655847759,"Fresno State","New Mexico",6,4,0,0,1.5,400945505,2017-03-09
302,2,"3:36",216,216,"Obij Aget Steal.",53,52,1,0.64081655847759,"Fresno State","New Mexico",6,4,0,0,1.5,400945505,2017-03-09
303,2,"3:34",214,214,"Dane Kuiper made Layup. Assisted by Jordan Hunter.",53,54,-1,0.425634156497129,"Fresno State","New Mexico",6,4,0,0,1.5,400945505,2017-03-09
304,2,"3:09",189,189,"Deshon Taylor made Three Point Jumper.",56,54,2,0.744307128352927,"Fresno State","New Mexico",6,4,0,0,1.5,400945505,2017-03-09
305,2,"2:41",161,161,"Elijah Brown Turnover.",56,54,2,0.78402608123175,"Fresno State","New Mexico",6,4,0,0,1.5,400945505,2017-03-09
306,2,"2:39",159,159,"Deshon Taylor Steal.",56,54,2,0.783731891997063,"Fresno State","New Mexico",6,4,0,0,1.5,400945505,2017-03-09
307,2,"2:38",158,158,"Foul on Jordan Hunter.",56,54,2,0.783731891997063,"Fresno State","New Mexico",6,4,0,0,1.5,400945505,2017-03-09
308,2,"2:38",158,158,"Jaron Hopkins made Free Throw.",57,54,3,0.861527967727161,"Fresno State","New Mexico",6,4,0,0,1.5,400945505,2017-03-09
309,2,"2:38",158,158,"Jaron Hopkins made Free Throw.",58,54,4,0.914395879365817,"Fresno State","New Mexico",6,4,0,0,1.5,400945505,2017-03-09
310,2,"2:17",137,137,"Tim Williams missed Layup.",58,54,4,0.925266170881676,"Fresno State","New Mexico",6,4,0,0,1.5,400945505,2017-03-09
311,2,"2:17",137,137,"Jahmel Taylor Defensive Rebound.",58,54,4,0.925266170881676,"Fresno State","New Mexico",6,4,0,0,1.5,400945505,2017-03-09
312,2,"1:48",108,108,"Jahmel Taylor missed Jumper.",58,54,4,0.923382374226455,"Fresno State","New Mexico",6,4,0,0,1.5,400945505,2017-03-09
313,2,"1:48",108,108,"Tim Williams Block.",58,54,4,0.923382374226455,"Fresno State","New Mexico",6,4,0,0,1.5,400945505,2017-03-09
314,2,"1:45",105,105,"Dane Kuiper Defensive Rebound.",58,54,4,0.923382374226455,"Fresno State","New Mexico",6,4,0,0,1.5,400945505,2017-03-09
315,2,"1:36",96,96,"Obij Aget Turnover.",58,54,4,0.933554840967003,"Fresno State","New Mexico",6,4,0,0,1.5,400945505,2017-03-09
316,2,"1:34",94,94,"Jaron Hopkins Steal.",58,54,4,0.933554840967003,"Fresno State","New Mexico",6,4,0,0,1.5,400945505,2017-03-09
317,2,"1:30",90,90,"Cullen Russo made Dunk. Assisted by Jaron Hopkins.",60,54,6,0.980165953897878,"Fresno State","New Mexico",6,4,0,0,1.5,400945505,2017-03-09
318,2,"1:22",82,82,"New Mexico  Timeout",60,54,6,0.989820933206862,"Fresno State","New Mexico",6,3,0,1,1.5,400945505,2017-03-09
319,2,"1:21",81,81,"Elijah Brown made Three Point Jumper. Assisted by Jordan Hunter.",60,57,3,0.918922277201005,"Fresno State","New Mexico",6,3,0,1,1.5,400945505,2017-03-09
320,2,"0:48",48,48,"Cullen Russo missed Layup.",60,57,3,0.952146926046333,"Fresno State","New Mexico",6,3,0,1,1.5,400945505,2017-03-09
321,2,"0:48",48,48,"Paul Watson Offensive Rebound.",60,57,3,0.952146926046333,"Fresno State","New Mexico",6,3,0,1,1.5,400945505,2017-03-09
322,2,"0:18",18,18,"Jahmel Taylor made Three Point Jumper. Assisted by Deshon Taylor.",63,57,6,0.998359418375753,"Fresno State","New Mexico",6,3,0,0,1.5,400945505,2017-03-09
323,2,"0:08",8,8,"Elijah Brown missed Three Point Jumper.",63,57,6,0.999967246990234,"Fresno State","New Mexico",6,3,0,0,1.5,400945505,2017-03-09
324,2,"0:08",8,8,"Obij Aget Offensive Rebound.",63,57,6,0.999967246990234,"Fresno State","New Mexico",6,3,0,0,1.5,400945505,2017-03-09
325,2,"0:04",4,4,"Elijah Brown made Three Point Jumper. Assisted by Obij Aget.",63,60,3,0.990494352997344,"Fresno State","New Mexico",6,3,0,1,1.5,400945505,2017-03-09
326,2,"0:04",4,4,"New Mexico  Timeout",63,60,3,0.990494352997344,"Fresno State","New Mexico",6,2,0,1,1.5,400945505,2017-03-09
327,2,"0:03",3,3,"Fresno St  Timeout",63,60,3,0.990494352997344,"Fresno State","New Mexico",6,1,0,1,1.5,400945505,2017-03-09
328,2,"0:02",2,2,"Foul on Elijah Brown.",63,60,3,0.990494352997344,"Fresno State","New Mexico",6,1,0,1,1.5,400945505,2017-03-09
329,2,"0:02",2,2,"New Mexico  Timeout",63,60,3,0.990494352997344,"Fresno State","New Mexico",6,0,0,1,1.5,400945505,2017-03-09
330,2,"0:02",2,2,"Deshon Taylor made Free Throw.",64,60,4,0.998289373681746,"Fresno State","New Mexico",6,0,0,1,1.5,400945505,2017-03-09
331,2,"0:02",2,2,"Deshon Taylor made Free Throw.",65,60,5,0.999694131420375,"Fresno State","New Mexico",6,0,0,1,1.5,400945505,2017-03-09
332,2,"0:00",0,0,"End of Game",63,60,3,1,"Fresno State","New Mexico",6,0,0,1,1.5,400945505,2017-03-09
